{
  "n_points": 5,
  "note": "With n<=5 model checkpoints, correlation estimates have wide CIs; this is suggestive, not definitive.",
  "srank_vs_reward_margin": {
    "pearson_r": 0.22492465852594673,
    "spearman_r": -0.09999999999999999,
    "pearson_ci95_lo": -0.14558149103167273,
    "pearson_ci95_hi": 0.9999999999999998,
    "spearman_ci95_lo": -0.15789473684210528,
    "spearman_ci95_hi": 1.0
  },
  "gamma_vs_reward_margin": {
    "pearson_r": -0.35004755624499967,
    "spearman_r": -0.6,
    "pearson_ci95_lo": -0.9999999999999998,
    "pearson_ci95_hi": -0.786018068308018,
    "spearman_ci95_lo": -1.0,
    "spearman_ci95_hi": 1.0
  },
  "srank_vs_kl_to_base": {
    "pearson_r": 0.17787877319128192,
    "spearman_r": 0.3,
    "pearson_ci95_lo": -0.24287582692308912,
    "pearson_ci95_hi": 0.9589200104569588,
    "spearman_ci95_lo": 0.6666666666666666,
    "spearman_ci95_hi": 1.0
  },
  "gamma_vs_kl_to_base": {
    "pearson_r": 0.4885323914864196,
    "spearman_r": 0.49999999999999994,
    "pearson_ci95_lo": 0.2921048161280419,
    "pearson_ci95_hi": 0.9643520949780765,
    "spearman_ci95_lo": -1.0,
    "spearman_ci95_hi": 1.0
  }
}